workout_id,date,body_weight,exercise,exercise_type,set,weight,reps,volume,total_workout_volume,duration,distance
20435559,2026-05-19 19:07:39,80.0,Run on Treadmill,distance_duration,1,,,,15370.0,10:00,1.14
20435559,2026-05-19 19:07:39,80.0,Cable Curl,weight_reps,1,60.0,15.0,900.0,15370.0,,
20435559,2026-05-19 19:07:39,80.0,Cable Curl,weight_reps,2,70.0,12.0,840.0,15370.0,,
20435559,2026-05-19 19:07:39,80.0,Cable Curl,weight_reps,3,70.0,10.0,700.0,15370.0,,
20435559,2026-05-19 19:07:39,80.0,Dumbbell Standing Calf Raise,db_2_simultaneous,1,25.0,35.0,875.0,15370.0,,
20435559,2026-05-19 19:07:39,80.0,Dumbbell Standing Calf Raise,db_2_simultaneous,2,25.0,30.0,750.0,15370.0,,
20435559,2026-05-19 19:07:39,80.0,Dumbbell Standing Calf Raise,db_2_simultaneous,3,25.0,30.0,750.0,15370.0,,
20435559,2026-05-19 19:07:39,80.0,Cable Pushdown,weight_reps,1,80.0,15.0,1200.0,15370.0,,
20435559,2026-05-19 19:07:39,80.0,Cable Pushdown,weight_reps,2,80.0,15.0,1200.0,15370.0,,
20435559,2026-05-19 19:07:39,80.0,Cable Pushdown,weight_reps,3,80.0,15.0,1200.0,15370.0,,
20435559,2026-05-19 19:07:39,80.0,Cable horizontal Pallof Press,weight_reps,1,70.0,12.0,840.0,15370.0,,
20435559,2026-05-19 19:07:39,80.0,Cable horizontal Pallof Press,weight_reps,2,70.0,12.0,840.0,15370.0,,
20435559,2026-05-19 19:07:39,80.0,Cable horizontal Pallof Press,weight_reps,3,70.0,10.0,700.0,15370.0,,
20435559,2026-05-19 19:07:39,80.0,Standing Cross-over High Reverse Fly,weight_reps,1,20.0,10.0,200.0,15370.0,,
20435559,2026-05-19 19:07:39,80.0,Standing Cross-over High Reverse Fly,weight_reps,2,20.0,10.0,200.0,15370.0,,
20435559,2026-05-19 19:07:39,80.0,Dumbbell Lunge,db_2_alt_legs,1,25.0,12.0,300.0,15370.0,,
20435559,2026-05-19 19:07:39,80.0,Dumbbell Lunge,db_2_alt_legs,2,25.0,12.0,300.0,15370.0,,
20435559,2026-05-19 19:07:39,80.0,Dumbbell Lunge,db_2_alt_legs,3,25.0,12.0,300.0,15370.0,,
20160356,2026-05-15 23:00:16,80.0,Cable Curl,weight_reps,1,50.0,15.0,750.0,14130.0,,
20160356,2026-05-15 23:00:16,80.0,Cable Curl,weight_reps,2,60.0,12.0,720.0,14130.0,,
20160356,2026-05-15 23:00:16,80.0,Cable Curl,weight_reps,3,60.0,11.0,660.0,14130.0,,
20160356,2026-05-15 23:00:16,80.0,Run on Treadmill,distance_duration,1,,,,14130.0,10:00,1.21
20160356,2026-05-15 23:00:16,80.0,Run on Treadmill,distance_duration,2,,,,14130.0,05:00,.61
20160356,2026-05-15 23:00:16,80.0,Cable Pushdown,weight_reps,1,70.0,15.0,1050.0,14130.0,,
20160356,2026-05-15 23:00:16,80.0,Cable Pushdown,weight_reps,2,70.0,15.0,1050.0,14130.0,,
20160356,2026-05-15 23:00:16,80.0,Cable Pushdown,weight_reps,3,80.0,10.0,800.0,14130.0,,
20160356,2026-05-15 23:00:16,80.0,Cable Pushdown,weight_reps,4,80.0,10.0,800.0,14130.0,,
20160356,2026-05-15 23:00:16,80.0,Cable horizontal Pallof Press,weight_reps,1,60.0,15.0,900.0,14130.0,,
20160356,2026-05-15 23:00:16,80.0,Cable horizontal Pallof Press,weight_reps,2,60.0,15.0,900.0,14130.0,,
20160356,2026-05-15 23:00:16,80.0,Cable horizontal Pallof Press,weight_reps,3,60.0,15.0,900.0,14130.0,,
20160356,2026-05-15 23:00:16,80.0,Cable horizontal Pallof Press,weight_reps,4,60.0,15.0,900.0,14130.0,,
20160356,2026-05-15 23:00:16,80.0,Dumbbell Standing Calf Raise,db_2_simultaneous,1,25.0,28.0,700.0,14130.0,,
20160356,2026-05-15 23:00:16,80.0,Dumbbell Standing Calf Raise,db_2_simultaneous,2,25.0,30.0,750.0,14130.0,,
20160356,2026-05-15 23:00:16,80.0,Dumbbell Lunge,db_2_alt_legs,1,25.0,12.0,300.0,14130.0,,
20160356,2026-05-15 23:00:16,80.0,Dumbbell Lunge,db_2_alt_legs,2,25.0,12.0,300.0,14130.0,,
20160356,2026-05-15 23:00:16,80.0,Dumbbell Lunge,db_2_alt_legs,3,25.0,12.0,300.0,14130.0,,
20003634,2026-05-13 22:33:00,,Run on Treadmill ,distance_duration,1,,,,16780.0,10:00,1.32
20003634,2026-05-13 22:33:00,,Cable Curl,weight_reps,1,40.0,15.0,600.0,16780.0,,
20003634,2026-05-13 22:33:00,,Cable Curl,weight_reps,2,50.0,12.0,600.0,16780.0,,
20003634,2026-05-13 22:33:00,,Cable Curl,weight_reps,3,60.0,12.0,720.0,16780.0,,
20003634,2026-05-13 22:33:00,,Dumbbell Standing Calf Raise,db_2_simultaneous,1,25.0,35.0,875.0,16780.0,,
20003634,2026-05-13 22:33:00,,Dumbbell Standing Calf Raise,db_2_simultaneous,2,25.0,35.0,875.0,16780.0,,
20003634,2026-05-13 22:33:00,,Dumbbell Standing Calf Raise,db_2_simultaneous,3,25.0,35.0,875.0,16780.0,,
20003634,2026-05-13 22:33:00,,Single Arm Tricep Extension (Dumbbell),,1,15.0,12.0,180.0,16780.0,,
20003634,2026-05-13 22:33:00,,Single Arm Tricep Extension (Dumbbell),,2,15.0,12.0,180.0,16780.0,,
20003634,2026-05-13 22:33:00,,Single Arm Tricep Extension (Dumbbell),,3,15.0,12.0,180.0,16780.0,,
20003634,2026-05-13 22:33:00,,Single Arm Tricep Extension (Dumbbell),,4,15.0,12.0,180.0,16780.0,,
20003634,2026-05-13 22:33:00,,Cable Pushdown ,weight_reps,1,70.0,15.0,1050.0,16780.0,,
20003634,2026-05-13 22:33:00,,Cable Pushdown ,weight_reps,2,70.0,15.0,1050.0,16780.0,,
20003634,2026-05-13 22:33:00,,Cable Pushdown ,weight_reps,3,70.0,15.0,1050.0,16780.0,,
20003634,2026-05-13 22:33:00,,Cable Core Pallof Press,,1,60.0,12.0,720.0,16780.0,,
20003634,2026-05-13 22:33:00,,Cable Core Pallof Press,,2,70.0,12.0,840.0,16780.0,,
20003634,2026-05-13 22:33:00,,Cable Core Pallof Press,,3,70.0,12.0,840.0,16780.0,,
20003634,2026-05-13 22:33:00,,Romanian Deadlift,db_2_simultaneous,1,25.0,10.0,250.0,16780.0,,
20003634,2026-05-13 22:33:00,,Romanian Deadlift,db_2_simultaneous,2,25.0,10.0,250.0,16780.0,,
20003634,2026-05-13 22:33:00,,Dumbbell Stiff Leg Deadlift,db_2_simultaneous,1,25.0,10.0,250.0,16780.0,,
20003634,2026-05-13 22:33:00,,Dumbbell Stiff Leg Deadlift,db_2_simultaneous,2,25.0,10.0,250.0,16780.0,,
20003634,2026-05-13 22:33:00,,Rear Delt Reverse Fly (Cable),,1,20.0,12.0,240.0,16780.0,,
20003634,2026-05-13 22:33:00,,Rear Delt Reverse Fly (Cable),,2,20.0,10.0,200.0,16780.0,,
20003634,2026-05-13 22:33:00,,Rear Delt Reverse Fly (Cable),,3,20.0,10.0,200.0,16780.0,,
20003634,2026-05-13 22:33:00,,Cable twist ,weight_reps,1,30.0,10.0,300.0,16780.0,,
20003634,2026-05-13 22:33:00,,Cable twist ,weight_reps,2,40.0,10.0,400.0,16780.0,,
20003632,2026-05-12 19:27:00,,Run on Treadmill ,distance_duration,1,,,,15640.0,10:10,1.22
20003632,2026-05-12 19:27:00,,Dumbbell Standing Calf Raise,db_2_simultaneous,1,25.0,35.0,875.0,15640.0,,
20003632,2026-05-12 19:27:00,,Dumbbell Standing Calf Raise,db_2_simultaneous,2,25.0,35.0,875.0,15640.0,,
20003632,2026-05-12 19:27:00,,Dumbbell Standing Calf Raise,db_2_simultaneous,3,25.0,35.0,875.0,15640.0,,
20003632,2026-05-12 19:27:00,,Dumbbell Biceps Curl,db_2_simultaneous,1,25.0,12.0,300.0,15640.0,,
20003632,2026-05-12 19:27:00,,Dumbbell Biceps Curl,db_2_simultaneous,2,25.0,10.0,250.0,15640.0,,
20003632,2026-05-12 19:27:00,,Dumbbell Biceps Curl,db_2_simultaneous,3,25.0,10.0,250.0,15640.0,,
20003632,2026-05-12 19:27:00,,Cable Pushdown ,weight_reps,1,70.0,15.0,1050.0,15640.0,,
20003632,2026-05-12 19:27:00,,Cable Pushdown ,weight_reps,2,70.0,15.0,1050.0,15640.0,,
20003632,2026-05-12 19:27:00,,Cable Pushdown ,weight_reps,3,70.0,15.0,1050.0,15640.0,,
20003632,2026-05-12 19:27:00,,Lunge,db_2_alt_legs,1,25.0,12.0,300.0,15640.0,,
20003632,2026-05-12 19:27:00,,Lunge,db_2_alt_legs,2,25.0,12.0,300.0,15640.0,,
20003632,2026-05-12 19:27:00,,Lunge,db_2_alt_legs,3,25.0,12.0,300.0,15640.0,,
20003632,2026-05-12 19:27:00,,Rear Delt Reverse Fly (Cable),,1,20.0,10.0,200.0,15640.0,,
20003632,2026-05-12 19:27:00,,Rear Delt Reverse Fly (Cable),,2,20.0,12.0,240.0,15640.0,,
20003632,2026-05-12 19:27:00,,Rear Delt Reverse Fly (Cable),,3,20.0,10.0,200.0,15640.0,,
20003632,2026-05-12 19:27:00,,Cable Core Pallof Press,,1,60.0,10.0,600.0,15640.0,,
20003632,2026-05-12 19:27:00,,Cable Core Pallof Press,,2,60.0,10.0,600.0,15640.0,,
20003632,2026-05-12 19:27:00,,Cable Core Pallof Press,,3,60.0,12.0,720.0,15640.0,,
20003632,2026-05-12 19:27:00,,Romanian Deadlift,db_2_simultaneous,1,20.0,10.0,200.0,15640.0,,
20003632,2026-05-12 19:27:00,,Romanian Deadlift,db_2_simultaneous,2,20.0,10.0,200.0,15640.0,,
20003632,2026-05-12 19:27:00,,Romanian Deadlift,db_2_simultaneous,3,20.0,12.0,240.0,15640.0,,
20003632,2026-05-12 19:27:00,,Push-up,weight_reps,1,,10.0,,15640.0,,
20003631,2026-05-08 05:17:00,,Run on Treadmill ,distance_duration,1,,,,12750.0,10:00,1.24
20003631,2026-05-08 05:17:00,,Cable Pushdown ,weight_reps,1,70.0,15.0,1050.0,12750.0,,
20003631,2026-05-08 05:17:00,,Cable Pushdown ,weight_reps,2,70.0,12.0,840.0,12750.0,,
20003631,2026-05-08 05:17:00,,Cable Pushdown ,weight_reps,3,70.0,15.0,1050.0,12750.0,,
20003631,2026-05-08 05:17:00,,Dumbbell Lateral Raise,db_2_simultaneous,1,15.0,10.0,150.0,12750.0,,
20003631,2026-05-08 05:17:00,,Dumbbell Lateral Raise,db_2_simultaneous,2,10.0,12.0,120.0,12750.0,,
20003631,2026-05-08 05:17:00,,Dumbbell Lateral Raise,db_2_simultaneous,3,10.0,12.0,120.0,12750.0,,
20003631,2026-05-08 05:17:00,,Rear Delt Reverse Fly (Cable),,1,30.0,8.0,240.0,12750.0,,
20003631,2026-05-08 05:17:00,,Rear Delt Reverse Fly (Cable),,2,20.0,8.0,160.0,12750.0,,
20003631,2026-05-08 05:17:00,,Rear Delt Reverse Fly (Cable),,3,20.0,10.0,200.0,12750.0,,
20003631,2026-05-08 05:17:00,,Rear Delt Reverse Fly (Cable),,4,20.0,10.0,200.0,12750.0,,
20003631,2026-05-08 05:17:00,,Dumbbell Standing Calf Raise,db_2_simultaneous,1,25.0,35.0,875.0,12750.0,,
20003631,2026-05-08 05:17:00,,Dumbbell Standing Calf Raise,db_2_simultaneous,2,25.0,35.0,875.0,12750.0,,
20003631,2026-05-08 05:17:00,,Dumbbell Standing Calf Raise,db_2_simultaneous,3,25.0,35.0,875.0,12750.0,,
20003631,2026-05-08 05:17:00,,Dumbbell Biceps Curl,db_2_simultaneous,1,25.0,10.0,250.0,12750.0,,
20003631,2026-05-08 05:17:00,,Dumbbell Biceps Curl,db_2_simultaneous,2,20.0,12.0,240.0,12750.0,,
20003631,2026-05-08 05:17:00,,Dumbbell Biceps Curl,db_2_simultaneous,3,20.0,10.0,200.0,12750.0,,
20003631,2026-05-08 05:17:00,,Cable Core Pallof Press,,1,60.0,10.0,600.0,12750.0,,
20003631,2026-05-08 05:17:00,,Cable Core Pallof Press,,2,50.0,10.0,500.0,12750.0,,
20003631,2026-05-08 05:17:00,,Cable Core Pallof Press,,3,50.0,10.0,500.0,12750.0,,
20003641,2026-05-04 19:45:00,,Run on Treadmill ,distance_duration,1,,,,15100.0,10:00,1.28
20003641,2026-05-04 19:45:00,,Dumbbell Biceps Curl,db_2_simultaneous,1,25.0,12.0,300.0,15100.0,,
20003641,2026-05-04 19:45:00,,Dumbbell Biceps Curl,db_2_simultaneous,2,25.0,10.0,250.0,15100.0,,
20003641,2026-05-04 19:45:00,,Dumbbell Biceps Curl,db_2_simultaneous,3,25.0,10.0,250.0,15100.0,,
20003641,2026-05-04 19:45:00,,Dumbbell Standing Calf Raise,db_2_simultaneous,1,25.0,35.0,875.0,15100.0,,
20003641,2026-05-04 19:45:00,,Dumbbell Standing Calf Raise,db_2_simultaneous,2,25.0,35.0,875.0,15100.0,,
20003641,2026-05-04 19:45:00,,Dumbbell Standing Calf Raise,db_2_simultaneous,3,25.0,35.0,875.0,15100.0,,
20003641,2026-05-04 19:45:00,,Cable Pushdown ,weight_reps,1,60.0,15.0,900.0,15100.0,,
20003641,2026-05-04 19:45:00,,Cable Pushdown ,weight_reps,2,70.0,15.0,1050.0,15100.0,,
20003641,2026-05-04 19:45:00,,Cable Pushdown ,weight_reps,3,70.0,12.0,840.0,15100.0,,
20003641,2026-05-04 19:45:00,,Cable Pushdown ,weight_reps,4,70.0,12.0,840.0,15100.0,,
20003641,2026-05-04 19:45:00,,Cable Core Pallof Press,,1,60.0,12.0,720.0,15100.0,,
20003641,2026-05-04 19:45:00,,Cable Core Pallof Press,,2,60.0,12.0,720.0,15100.0,,
20003641,2026-05-04 19:45:00,,Cable Core Pallof Press,,3,60.0,12.0,720.0,15100.0,,
20003641,2026-05-04 19:45:00,,Dumbbell Lateral Raise,db_2_simultaneous,1,15.0,10.0,150.0,15100.0,,
20003641,2026-05-04 19:45:00,,Dumbbell Lateral Raise,db_2_simultaneous,2,10.0,12.0,120.0,15100.0,,
20003641,2026-05-04 19:45:00,,Lunge,db_2_alt_legs,1,20.0,12.0,240.0,15100.0,,
20003641,2026-05-04 19:45:00,,Lunge,db_2_alt_legs,2,20.0,12.0,240.0,15100.0,,
20003641,2026-05-04 19:45:00,,Dumbbell Stiff Leg Deadlift,db_2_simultaneous,1,20.0,12.0,240.0,15100.0,,
20003641,2026-05-04 19:45:00,,Dumbbell Stiff Leg Deadlift,db_2_simultaneous,2,20.0,12.0,240.0,15100.0,,
20003635,2026-05-01 20:06:00,,Dumbbell Biceps Curl,db_2_simultaneous,1,25.0,12.0,300.0,13080.0,,
20003635,2026-05-01 20:06:00,,Dumbbell Biceps Curl,db_2_simultaneous,2,25.0,12.0,300.0,13080.0,,
20003635,2026-05-01 20:06:00,,Dumbbell Biceps Curl,db_2_simultaneous,3,25.0,10.0,250.0,13080.0,,
20003635,2026-05-01 20:06:00,,Dumbbell Biceps Curl,db_2_simultaneous,4,25.0,10.0,250.0,13080.0,,
20003635,2026-05-01 20:06:00,,Dumbbell Standing Calf Raise,db_2_simultaneous,1,25.0,35.0,875.0,13080.0,,
20003635,2026-05-01 20:06:00,,Dumbbell Standing Calf Raise,db_2_simultaneous,2,25.0,40.0,1000.0,13080.0,,
20003635,2026-05-01 20:06:00,,Dumbbell Standing Calf Raise,db_2_simultaneous,3,25.0,35.0,875.0,13080.0,,
20003635,2026-05-01 20:06:00,,Dumbbell Stiff Leg Deadlift,db_2_simultaneous,1,20.0,12.0,240.0,13080.0,,
20003635,2026-05-01 20:06:00,,Dumbbell Stiff Leg Deadlift,db_2_simultaneous,2,20.0,12.0,240.0,13080.0,,
20003635,2026-05-01 20:06:00,,Dumbbell Stiff Leg Deadlift,db_2_simultaneous,3,20.0,12.0,240.0,13080.0,,
20003635,2026-05-01 20:06:00,,Cable Pushdown ,weight_reps,1,80.0,12.0,960.0,13080.0,,
20003635,2026-05-01 20:06:00,,Cable Pushdown ,weight_reps,2,70.0,12.0,840.0,13080.0,,
20003635,2026-05-01 20:06:00,,Cable Pushdown ,weight_reps,3,70.0,10.0,700.0,13080.0,,
20003635,2026-05-01 20:06:00,,Run on Treadmill ,distance_duration,1,,,,13080.0,10:00,1.1
20003635,2026-05-01 20:06:00,,Lunge,db_2_alt_legs,1,20.0,12.0,240.0,13080.0,,
20003635,2026-05-01 20:06:00,,Lunge,db_2_alt_legs,2,20.0,12.0,240.0,13080.0,,
20003635,2026-05-01 20:06:00,,Lunge,db_2_alt_legs,3,20.0,12.0,240.0,13080.0,,
20003636,2026-04-28 21:23:00,,Dumbbell Biceps Curl,db_2_simultaneous,1,20.0,12.0,240.0,13780.0,,
20003636,2026-04-28 21:23:00,,Dumbbell Biceps Curl,db_2_simultaneous,2,20.0,12.0,240.0,13780.0,,
20003636,2026-04-28 21:23:00,,Dumbbell Biceps Curl,db_2_simultaneous,3,20.0,12.0,240.0,13780.0,,
20003636,2026-04-28 21:23:00,,Dumbbell Standing Calf Raise,db_2_simultaneous,1,20.0,35.0,700.0,13780.0,,
20003636,2026-04-28 21:23:00,,Dumbbell Standing Calf Raise,db_2_simultaneous,2,20.0,35.0,700.0,13780.0,,
20003636,2026-04-28 21:23:00,,Dumbbell Standing Calf Raise,db_2_simultaneous,3,20.0,35.0,700.0,13780.0,,
20003636,2026-04-28 21:23:00,,Single Arm Tricep Extension (Dumbbell),,1,15.0,12.0,180.0,13780.0,,
20003636,2026-04-28 21:23:00,,Single Arm Tricep Extension (Dumbbell),,2,15.0,12.0,180.0,13780.0,,
20003636,2026-04-28 21:23:00,,Single Arm Tricep Extension (Dumbbell),,3,15.0,12.0,180.0,13780.0,,
20003636,2026-04-28 21:23:00,,Single Arm Tricep Extension (Dumbbell),,4,15.0,12.0,180.0,13780.0,,
20003636,2026-04-28 21:23:00,,Dumbbell Seated Palms Up Wrist Curl,db_2_simultaneous,1,20.0,12.0,240.0,13780.0,,
20003636,2026-04-28 21:23:00,,Dumbbell Seated Palms Up Wrist Curl,db_2_simultaneous,2,20.0,12.0,240.0,13780.0,,
20003636,2026-04-28 21:23:00,,Dumbbell Side Bend,db_1_alt_sides,1,35.0,10.0,350.0,13780.0,,
20003636,2026-04-28 21:23:00,,Dumbbell Side Bend,db_1_alt_sides,2,35.0,10.0,350.0,13780.0,,
20003636,2026-04-28 21:23:00,,Run on Treadmill ,distance_duration,1,,,,13780.0,10:00,1.34
20003636,2026-04-28 21:23:00,,Lunge,db_2_alt_legs,1,20.0,12.0,240.0,13780.0,,
20003636,2026-04-28 21:23:00,,Lunge,db_2_alt_legs,2,20.0,12.0,240.0,13780.0,,
20003636,2026-04-28 21:23:00,,Lunge,db_2_alt_legs,3,20.0,12.0,240.0,13780.0,,
20003636,2026-04-28 21:23:00,,Cable Pushdown ,weight_reps,1,70.0,12.0,840.0,13780.0,,
20003636,2026-04-28 21:23:00,,Cable Pushdown ,weight_reps,2,70.0,12.0,840.0,13780.0,,
20003636,2026-04-28 21:23:00,,Cable Pushdown ,weight_reps,3,70.0,12.0,840.0,13780.0,,
20003636,2026-04-28 21:23:00,,Cable horizontal Pallof Press,weight_reps,1,40.0,12.0,480.0,13780.0,,
20003636,2026-04-28 21:23:00,,Cable horizontal Pallof Press,weight_reps,2,50.0,12.0,600.0,13780.0,,
20003636,2026-04-28 21:23:00,,Cable horizontal Pallof Press,weight_reps,3,60.0,12.0,720.0,13780.0,,
20003646,2026-04-27 18:13:00,,Run on Treadmill ,distance_duration,1,,,,12000.0,10:00,1.29
20003646,2026-04-27 18:13:00,,Dumbbell Hammer Curl ,db_2_simultaneous,1,20.0,12.0,240.0,12000.0,,
20003646,2026-04-27 18:13:00,,Dumbbell Hammer Curl ,db_2_simultaneous,2,20.0,12.0,240.0,12000.0,,
20003646,2026-04-27 18:13:00,,Dumbbell Hammer Curl ,db_2_simultaneous,3,20.0,10.0,200.0,12000.0,,
20003646,2026-04-27 18:13:00,,Dumbbell Standing Calf Raise,db_2_simultaneous,1,30.0,35.0,1050.0,12000.0,,
20003646,2026-04-27 18:13:00,,Dumbbell Standing Calf Raise,db_2_simultaneous,2,30.0,35.0,1050.0,12000.0,,
20003646,2026-04-27 18:13:00,,Dumbbell Standing Calf Raise,db_2_simultaneous,3,30.0,35.0,1050.0,12000.0,,
20003646,2026-04-27 18:13:00,,Dumbbell Biceps Curl,db_2_simultaneous,1,20.0,15.0,300.0,12000.0,,
20003646,2026-04-27 18:13:00,,Dumbbell Biceps Curl,db_2_simultaneous,2,20.0,12.0,240.0,12000.0,,
20003646,2026-04-27 18:13:00,,Dumbbell Biceps Curl,db_2_simultaneous,3,20.0,12.0,240.0,12000.0,,
20003646,2026-04-27 18:13:00,,Cable horizontal Pallof Press,weight_reps,1,40.0,10.0,400.0,12000.0,,
20003646,2026-04-27 18:13:00,,Cable horizontal Pallof Press,weight_reps,2,50.0,10.0,500.0,12000.0,,
20003646,2026-04-27 18:13:00,,Cable horizontal Pallof Press,weight_reps,3,50.0,12.0,600.0,12000.0,,
20003646,2026-04-27 18:13:00,,Single Arm Cable Crossover,,1,40.0,6.0,240.0,12000.0,,
20003646,2026-04-27 18:13:00,,Single Arm Cable Crossover,,2,40.0,6.0,240.0,12000.0,,
20003646,2026-04-27 18:13:00,,Single Arm Cable Crossover,,3,40.0,10.0,400.0,12000.0,,
20003646,2026-04-27 18:13:00,,Single Arm Cable Crossover,,4,40.0,10.0,400.0,12000.0,,
20003642,2026-04-24 19:56:00,,Run on Treadmill ,distance_duration,1,,,,10250.0,10:07,1.22
20003642,2026-04-24 19:56:00,,Dumbbell Biceps Curl,db_2_simultaneous,1,20.0,15.0,300.0,10250.0,,
20003642,2026-04-24 19:56:00,,Dumbbell Biceps Curl,db_2_simultaneous,2,20.0,12.0,240.0,10250.0,,
20003642,2026-04-24 19:56:00,,Dumbbell Biceps Curl,db_2_simultaneous,3,20.0,12.0,240.0,10250.0,,
20003642,2026-04-24 19:56:00,,Dumbbell Standing Calf Raise,db_2_simultaneous,1,25.0,35.0,875.0,10250.0,,
20003642,2026-04-24 19:56:00,,Dumbbell Standing Calf Raise,db_2_simultaneous,2,25.0,35.0,875.0,10250.0,,
20003642,2026-04-24 19:56:00,,Dumbbell Standing Calf Raise,db_2_simultaneous,3,25.0,35.0,875.0,10250.0,,
20003642,2026-04-24 19:56:00,,Dumbbell Stiff Leg Deadlift,db_2_simultaneous,1,20.0,12.0,240.0,10250.0,,
20003642,2026-04-24 19:56:00,,Dumbbell Stiff Leg Deadlift,db_2_simultaneous,2,20.0,12.0,240.0,10250.0,,
20003642,2026-04-24 19:56:00,,Dumbbell Stiff Leg Deadlift,db_2_simultaneous,3,20.0,12.0,240.0,10250.0,,
20003642,2026-04-24 19:56:00,,Dumbbell Hammer Curl ,db_2_simultaneous,1,20.0,10.0,200.0,10250.0,,
20003642,2026-04-24 19:56:00,,Dumbbell Hammer Curl ,db_2_simultaneous,2,20.0,10.0,200.0,10250.0,,
20003642,2026-04-24 19:56:00,,Dumbbell Hammer Curl ,db_2_simultaneous,3,20.0,10.0,200.0,10250.0,,
20003642,2026-04-24 19:56:00,,Sumo Squat (Kettlebell),,1,40.0,10.0,400.0,10250.0,,
20003642,2026-04-24 19:56:00,,Sumo Squat (Kettlebell),,2,40.0,10.0,400.0,10250.0,,
20003643,2026-04-23 03:26:00,,Run on Treadmill ,distance_duration,1,,,,10620.0,8:00,0.74
20003643,2026-04-23 03:26:00,,Dumbbell Incline Biceps Curl,db_2_simultaneous,1,20.0,12.0,240.0,10620.0,,
20003643,2026-04-23 03:26:00,,Dumbbell Incline Biceps Curl,db_2_simultaneous,2,20.0,12.0,240.0,10620.0,,
20003643,2026-04-23 03:26:00,,Dumbbell Incline Biceps Curl,db_2_simultaneous,3,20.0,15.0,300.0,10620.0,,
20003643,2026-04-23 03:26:00,,Dumbbell Concentration Curl,db_1_alt_sides,1,20.0,10.0,200.0,10620.0,,
20003643,2026-04-23 03:26:00,,Dumbbell Concentration Curl,db_1_alt_sides,2,20.0,10.0,200.0,10620.0,,
20003643,2026-04-23 03:26:00,,Dumbbell Lateral Raise,db_2_simultaneous,1,15.0,10.0,150.0,10620.0,,
20003643,2026-04-23 03:26:00,,Dumbbell Lateral Raise,db_2_simultaneous,2,15.0,10.0,150.0,10620.0,,
20003643,2026-04-23 03:26:00,,Dumbbell Standing Calf Raise,db_2_simultaneous,1,25.0,30.0,750.0,10620.0,,
20003643,2026-04-23 03:26:00,,Dumbbell Standing Calf Raise,db_2_simultaneous,2,25.0,35.0,875.0,10620.0,,
20003643,2026-04-23 03:26:00,,Dumbbell Standing Calf Raise,db_2_simultaneous,3,25.0,35.0,875.0,10620.0,,
20003643,2026-04-23 03:26:00,,Dumbbell Hammer Curl ,db_2_simultaneous,1,15.0,12.0,180.0,10620.0,,
20003643,2026-04-23 03:26:00,,Dumbbell Hammer Curl ,db_2_simultaneous,2,15.0,15.0,225.0,10620.0,,
20003643,2026-04-23 03:26:00,,Dumbbell Hammer Curl ,db_2_simultaneous,3,15.0,15.0,225.0,10620.0,,
20003643,2026-04-23 03:26:00,,Cable twist ,weight_reps,1,50.0,10.0,500.0,10620.0,,
20003643,2026-04-23 03:26:00,,Cable twist ,weight_reps,2,70.0,10.0,700.0,10620.0,,
20003643,2026-04-23 03:26:00,,Cable twist ,weight_reps,3,60.0,10.0,600.0,10620.0,,
20003651,2026-04-22 01:46:00,,Run on Treadmill ,distance_duration,1,,,,11040.0,7:00,0.69
20003651,2026-04-22 01:46:00,,Dumbbell Biceps Curl,db_2_simultaneous,1,20.0,15.0,300.0,11040.0,,
20003651,2026-04-22 01:46:00,,Dumbbell Biceps Curl,db_2_simultaneous,2,20.0,12.0,240.0,11040.0,,
20003651,2026-04-22 01:46:00,,Dumbbell Biceps Curl,db_2_simultaneous,3,20.0,12.0,240.0,11040.0,,
20003651,2026-04-22 01:46:00,,Dumbbell Standing Calf Raise,db_2_simultaneous,1,20.0,35.0,700.0,11040.0,,
20003651,2026-04-22 01:46:00,,Dumbbell Standing Calf Raise,db_2_simultaneous,2,20.0,35.0,700.0,11040.0,,
20003651,2026-04-22 01:46:00,,Dumbbell Standing Calf Raise,db_2_simultaneous,3,20.0,30.0,600.0,11040.0,,
20003651,2026-04-22 01:46:00,,Dumbbell Stiff Leg Deadlift,db_2_simultaneous,1,20.0,15.0,300.0,11040.0,,
20003651,2026-04-22 01:46:00,,Dumbbell Stiff Leg Deadlift,db_2_simultaneous,2,20.0,12.0,240.0,11040.0,,
20003651,2026-04-22 01:46:00,,Dumbbell Stiff Leg Deadlift,db_2_simultaneous,3,20.0,12.0,240.0,11040.0,,
20003651,2026-04-22 01:46:00,,Single Arm Tricep Extension (Dumbbell),,1,15.0,10.0,150.0,11040.0,,
20003651,2026-04-22 01:46:00,,Single Arm Tricep Extension (Dumbbell),,2,15.0,10.0,150.0,11040.0,,
20003651,2026-04-22 01:46:00,,Single Arm Tricep Extension (Dumbbell),,3,15.0,10.0,150.0,11040.0,,
20003651,2026-04-22 01:46:00,,Single Arm Tricep Extension (Dumbbell),,4,15.0,10.0,150.0,11040.0,,
20003651,2026-04-22 01:46:00,,Dumbbell Hammer Curl ,db_2_simultaneous,1,20.0,12.0,240.0,11040.0,,
20003651,2026-04-22 01:46:00,,Dumbbell Hammer Curl ,db_2_simultaneous,2,20.0,12.0,240.0,11040.0,,
20003651,2026-04-22 01:46:00,,Dumbbell Hammer Curl ,db_2_simultaneous,3,20.0,12.0,240.0,11040.0,,
20003651,2026-04-22 01:46:00,,Lunge,db_2_alt_legs,1,20.0,12.0,240.0,11040.0,,
20003651,2026-04-22 01:46:00,,Dumbbell Seated Palms Up Wrist Curl,db_2_simultaneous,1,20.0,10.0,200.0,11040.0,,
20003651,2026-04-22 01:46:00,,Dumbbell Seated Palms Up Wrist Curl,db_2_simultaneous,2,20.0,10.0,200.0,11040.0,,
20003651,2026-04-22 01:46:00,,Dumbbell Lateral Raise,db_2_simultaneous,1,20.0,5.0,100.0,11040.0,,
20003651,2026-04-22 01:46:00,,Behind the Back Curl (Cable),,1,40.0,10.0,400.0,11040.0,,
20003648,2026-04-11 01:43:00,,Run on Treadmill ,distance_duration,1,,,,11800.0,5:00,0.53
20003648,2026-04-11 01:43:00,,Dumbbell Biceps Curl,db_2_simultaneous,1,20.0,12.0,240.0,11800.0,,
20003648,2026-04-11 01:43:00,,Dumbbell Biceps Curl,db_2_simultaneous,2,20.0,12.0,240.0,11800.0,,
20003648,2026-04-11 01:43:00,,Dumbbell Biceps Curl,db_2_simultaneous,3,20.0,12.0,240.0,11800.0,,
20003648,2026-04-11 01:43:00,,Dumbbell Standing Calf Raise,db_2_simultaneous,1,20.0,40.0,800.0,11800.0,,
20003648,2026-04-11 01:43:00,,Dumbbell Standing Calf Raise,db_2_simultaneous,2,20.0,35.0,700.0,11800.0,,
20003648,2026-04-11 01:43:00,,Dumbbell Standing Calf Raise,db_2_simultaneous,3,20.0,35.0,700.0,11800.0,,
20003648,2026-04-11 01:43:00,,Dumbbell Hammer Curl ,db_2_simultaneous,1,20.0,12.0,240.0,11800.0,,
20003648,2026-04-11 01:43:00,,Lunge,db_2_alt_legs,1,20.0,12.0,240.0,11800.0,,
20003648,2026-04-11 01:43:00,,Seated Cable Row - V Grip (Cable),,1,80.0,15.0,1200.0,11800.0,,
20003648,2026-04-11 01:43:00,,Seated Cable Row - V Grip (Cable),,2,80.0,15.0,1200.0,11800.0,,
20003648,2026-04-11 01:43:00,,Seated Cable Row - V Grip (Cable),,3,80.0,15.0,1200.0,11800.0,,
20003648,2026-04-11 01:43:00,,Dumbbell Seated Preacher Curl,db_2_simultaneous,1,20.0,10.0,200.0,11800.0,,
20003648,2026-04-11 01:43:00,,Dumbbell Seated Preacher Curl,db_2_simultaneous,2,20.0,10.0,200.0,11800.0,,
20003648,2026-04-11 01:43:00,,Dumbbell Seated Preacher Curl,db_2_simultaneous,3,20.0,15.0,300.0,11800.0,,
20003647,2026-04-04 03:43:00,,Run on Treadmill ,distance_duration,1,,,,13666.0,10:00,1.01
20003647,2026-04-04 03:43:00,,Dumbbell Biceps Curl,db_2_simultaneous,1,20.0,12.0,240.0,13666.0,,
20003647,2026-04-04 03:43:00,,Dumbbell Biceps Curl,db_2_simultaneous,2,20.0,12.0,240.0,13666.0,,
20003647,2026-04-04 03:43:00,,Dumbbell Biceps Curl,db_2_simultaneous,3,20.0,12.0,240.0,13666.0,,
20003647,2026-04-04 03:43:00,,Dumbbell Standing Calf Raise,db_2_simultaneous,1,20.0,35.0,700.0,13666.0,,
20003647,2026-04-04 03:43:00,,Dumbbell Standing Calf Raise,db_2_simultaneous,2,20.0,35.0,700.0,13666.0,,
20003647,2026-04-04 03:43:00,,Dumbbell Standing Calf Raise,db_2_simultaneous,3,20.0,35.0,700.0,13666.0,,
20003647,2026-04-04 03:43:00,,Dumbbell Stiff Leg Deadlift,db_2_simultaneous,1,20.0,12.0,240.0,13666.0,,
20003647,2026-04-04 03:43:00,,Dumbbell Stiff Leg Deadlift,db_2_simultaneous,2,20.0,12.0,240.0,13666.0,,
20003647,2026-04-04 03:43:00,,Dumbbell Stiff Leg Deadlift,db_2_simultaneous,3,20.0,10.0,200.0,13666.0,,
20003647,2026-04-04 03:43:00,,Dumbbell Hammer Curl ,db_2_simultaneous,1,20.0,12.0,240.0,13666.0,,
20003647,2026-04-04 03:43:00,,Dumbbell Hammer Curl ,db_2_simultaneous,2,20.0,10.0,200.0,13666.0,,
20003647,2026-04-04 03:43:00,,Dumbbell Hammer Curl ,db_2_simultaneous,3,20.0,10.0,200.0,13666.0,,
20003647,2026-04-04 03:43:00,,Dumbbell Seated Palms Up Wrist Curl,db_2_simultaneous,1,20.0,12.0,240.0,13666.0,,
20003647,2026-04-04 03:43:00,,Dumbbell Seated Palms Up Wrist Curl,db_2_simultaneous,2,20.0,12.0,240.0,13666.0,,
20003647,2026-04-04 03:43:00,,Single Arm Tricep Extension (Dumbbell),,1,12.0,12.0,144.0,13666.0,,
20003647,2026-04-04 03:43:00,,Single Arm Tricep Extension (Dumbbell),,2,12.0,12.0,144.0,13666.0,,
20003647,2026-04-04 03:43:00,,Single Arm Tricep Extension (Dumbbell),,3,12.0,12.0,144.0,13666.0,,
20003647,2026-04-04 03:43:00,,Single Arm Tricep Extension (Dumbbell),,4,12.0,12.0,144.0,13666.0,,
20003647,2026-04-04 03:43:00,,Lever Leg Extension,weight_reps,1,50.0,15.0,750.0,13666.0,,
20003647,2026-04-04 03:43:00,,Lever Leg Extension,weight_reps,2,50.0,15.0,750.0,13666.0,,
20003647,2026-04-04 03:43:00,,Lever Leg Extension,weight_reps,3,50.0,15.0,750.0,13666.0,,
20003647,2026-04-04 03:43:00,,Lever Incline Chest Press,weight_reps,1,80.0,10.0,800.0,13666.0,,
20003647,2026-04-04 03:43:00,,Lever Incline Chest Press,weight_reps,2,80.0,10.0,800.0,13666.0,,
20003656,2026-04-02 01:14:00,,Run on Treadmill ,distance_duration,1,,,,16930.0,10:45,1.05
20003656,2026-04-02 01:14:00,,Dumbbell Biceps Curl,db_2_simultaneous,1,20.0,12.0,240.0,16930.0,,
20003656,2026-04-02 01:14:00,,Dumbbell Biceps Curl,db_2_simultaneous,2,20.0,12.0,240.0,16930.0,,
20003656,2026-04-02 01:14:00,,Dumbbell Biceps Curl,db_2_simultaneous,3,20.0,12.0,240.0,16930.0,,
20003656,2026-04-02 01:14:00,,Dumbbell Standing Calf Raise,db_2_simultaneous,1,20.0,30.0,600.0,16930.0,,
20003656,2026-04-02 01:14:00,,Dumbbell Standing Calf Raise,db_2_simultaneous,2,20.0,30.0,600.0,16930.0,,
20003656,2026-04-02 01:14:00,,Dumbbell Standing Calf Raise,db_2_simultaneous,3,20.0,40.0,800.0,16930.0,,
20003656,2026-04-02 01:14:00,,Romanian Deadlift,db_2_simultaneous,1,20.0,12.0,240.0,16930.0,,
20003656,2026-04-02 01:14:00,,Romanian Deadlift,db_2_simultaneous,2,20.0,12.0,240.0,16930.0,,
20003656,2026-04-02 01:14:00,,Romanian Deadlift,db_2_simultaneous,3,20.0,12.0,240.0,16930.0,,
20003656,2026-04-02 01:14:00,,Lunge,db_2_alt_legs,1,20.0,12.0,240.0,16930.0,,
20003656,2026-04-02 01:14:00,,Lunge,db_2_alt_legs,2,20.0,12.0,240.0,16930.0,,
20003656,2026-04-02 01:14:00,,Lunge,db_2_alt_legs,3,20.0,12.0,240.0,16930.0,,
20003656,2026-04-02 01:14:00,,Dumbbell Seated Palms Up Wrist Curl,db_2_simultaneous,1,20.0,12.0,240.0,16930.0,,
20003656,2026-04-02 01:14:00,,Dumbbell Seated Palms Up Wrist Curl,db_2_simultaneous,2,20.0,12.0,240.0,16930.0,,
20003656,2026-04-02 01:14:00,,Seated Cable Row - V Grip (Cable),,1,80.0,15.0,1200.0,16930.0,,
20003656,2026-04-02 01:14:00,,Seated Cable Row - V Grip (Cable),,2,80.0,15.0,1200.0,16930.0,,
20003656,2026-04-02 01:14:00,,Seated Cable Row - V Grip (Cable),,3,90.0,15.0,1350.0,16930.0,,
20003656,2026-04-02 01:14:00,,Lever Leg Extension,weight_reps,1,50.0,12.0,600.0,16930.0,,
20003656,2026-04-02 01:14:00,,Lever Leg Extension,weight_reps,2,50.0,12.0,600.0,16930.0,,
20003656,2026-04-02 01:14:00,,Lever Leg Extension,weight_reps,3,50.0,12.0,600.0,16930.0,,
20003656,2026-04-02 01:14:00,,Cable Pushdown ,weight_reps,1,70.0,10.0,700.0,16930.0,,
20003656,2026-04-02 01:14:00,,Cable Pushdown ,weight_reps,2,70.0,10.0,700.0,16930.0,,
20003656,2026-04-02 01:14:00,,Cable Pushdown ,weight_reps,3,70.0,10.0,700.0,16930.0,,
20003653,2026-03-31 03:44:00,,Run on Treadmill ,distance_duration,1,,,,11860.0,10:00,1
20003653,2026-03-31 03:44:00,,Dumbbell Biceps Curl,db_2_simultaneous,1,20.0,12.0,240.0,11860.0,,
20003653,2026-03-31 03:44:00,,Dumbbell Biceps Curl,db_2_simultaneous,2,20.0,12.0,240.0,11860.0,,
20003653,2026-03-31 03:44:00,,Dumbbell Biceps Curl,db_2_simultaneous,3,20.0,12.0,240.0,11860.0,,
20003653,2026-03-31 03:44:00,,Dumbbell Standing Calf Raise,db_2_simultaneous,1,20.0,30.0,600.0,11860.0,,
20003653,2026-03-31 03:44:00,,Dumbbell Standing Calf Raise,db_2_simultaneous,2,20.0,35.0,700.0,11860.0,,
20003653,2026-03-31 03:44:00,,Dumbbell Standing Calf Raise,db_2_simultaneous,3,20.0,35.0,700.0,11860.0,,
20003653,2026-03-31 03:44:00,,Dumbbell Standing Calf Raise,db_2_simultaneous,4,,20.0,,11860.0,,
20003653,2026-03-31 03:44:00,,Dumbbell Standing Overhead Press,db_2_simultaneous,1,20.0,10.0,200.0,11860.0,,
20003653,2026-03-31 03:44:00,,Dumbbell Standing Overhead Press,db_2_simultaneous,2,20.0,10.0,200.0,11860.0,,
20003653,2026-03-31 03:44:00,,Dumbbell Standing Overhead Press,db_2_simultaneous,3,20.0,10.0,200.0,11860.0,,
20003653,2026-03-31 03:44:00,,Sumo Squat (Kettlebell),,1,25.0,12.0,300.0,11860.0,,
20003653,2026-03-31 03:44:00,,Sumo Squat (Kettlebell),,2,25.0,12.0,300.0,11860.0,,
20003653,2026-03-31 03:44:00,,Sumo Squat (Kettlebell),,3,25.0,12.0,300.0,11860.0,,
20003653,2026-03-31 03:44:00,,Lever Leg Extension,weight_reps,1,60.0,12.0,720.0,11860.0,,
20003653,2026-03-31 03:44:00,,Lever Leg Extension,weight_reps,2,50.0,12.0,600.0,11860.0,,
20003653,2026-03-31 03:44:00,,Lever Leg Extension,weight_reps,3,50.0,12.0,600.0,11860.0,,
20003653,2026-03-31 03:44:00,,Lever Incline Chest Press,weight_reps,1,80.0,10.0,800.0,11860.0,,
20003653,2026-03-31 03:44:00,,Lever Incline Chest Press,weight_reps,2,80.0,10.0,800.0,11860.0,,
20003653,2026-03-31 03:44:00,,Lever Incline Chest Press,weight_reps,3,80.0,10.0,800.0,11860.0,,
20003654,2026-03-27 05:14:00,,Run on Treadmill ,distance_duration,1,,,,15150.0,10:00,1
20003654,2026-03-27 05:14:00,,Dumbbell Biceps Curl,db_2_simultaneous,1,20.0,12.0,240.0,15150.0,,
20003654,2026-03-27 05:14:00,,Dumbbell Biceps Curl,db_2_simultaneous,2,20.0,12.0,240.0,15150.0,,
20003654,2026-03-27 05:14:00,,Dumbbell Biceps Curl,db_2_simultaneous,3,20.0,12.0,240.0,15150.0,,
20003654,2026-03-27 05:14:00,,Dumbbell Standing Calf Raise,db_2_simultaneous,1,20.0,30.0,600.0,15150.0,,
20003654,2026-03-27 05:14:00,,Dumbbell Standing Calf Raise,db_2_simultaneous,2,20.0,30.0,600.0,15150.0,,
20003654,2026-03-27 05:14:00,,Dumbbell Standing Calf Raise,db_2_simultaneous,3,20.0,30.0,600.0,15150.0,,
20003654,2026-03-27 05:14:00,,Romanian Deadlift,db_2_simultaneous,1,20.0,12.0,240.0,15150.0,,
20003654,2026-03-27 05:14:00,,Romanian Deadlift,db_2_simultaneous,2,20.0,12.0,240.0,15150.0,,
20003654,2026-03-27 05:14:00,,Romanian Deadlift,db_2_simultaneous,3,20.0,12.0,240.0,15150.0,,
20003654,2026-03-27 05:14:00,,Lunge,db_2_alt_legs,1,20.0,12.0,240.0,15150.0,,
20003654,2026-03-27 05:14:00,,Lunge,db_2_alt_legs,2,20.0,12.0,240.0,15150.0,,
20003654,2026-03-27 05:14:00,,Lunge,db_2_alt_legs,3,20.0,12.0,240.0,15150.0,,
20003654,2026-03-27 05:14:00,,Dumbbell Seated Preacher Curl,db_2_simultaneous,1,20.0,12.0,240.0,15150.0,,
20003654,2026-03-27 05:14:00,,Dumbbell Seated Preacher Curl,db_2_simultaneous,2,20.0,12.0,240.0,15150.0,,
20003654,2026-03-27 05:14:00,,Dumbbell Seated Preacher Curl,db_2_simultaneous,3,20.0,12.0,240.0,15150.0,,
20003654,2026-03-27 05:14:00,,Seated Cable Row - V Grip (Cable),,1,80.0,15.0,1200.0,15150.0,,
20003654,2026-03-27 05:14:00,,Seated Cable Row - V Grip (Cable),,2,80.0,15.0,1200.0,15150.0,,
20003654,2026-03-27 05:14:00,,Seated Cable Row - V Grip (Cable),,3,80.0,15.0,1200.0,15150.0,,
20003654,2026-03-27 05:14:00,,Lever Leg Extension,weight_reps,1,50.0,15.0,750.0,15150.0,,
20003654,2026-03-27 05:14:00,,Lever Leg Extension,weight_reps,2,60.0,12.0,720.0,15150.0,,
20003654,2026-03-27 05:14:00,,Lever Leg Extension,weight_reps,3,60.0,12.0,720.0,15150.0,,
20003660,2026-03-25 06:01:00,,Run on Treadmill ,distance_duration,1,,,,13000.0,7:00,0.6
20003660,2026-03-25 06:01:00,,Dumbbell Biceps Curl,db_2_simultaneous,1,15.0,15.0,225.0,13000.0,,
20003660,2026-03-25 06:01:00,,Dumbbell Biceps Curl,db_2_simultaneous,2,15.0,15.0,225.0,13000.0,,
20003660,2026-03-25 06:01:00,,Dumbbell Biceps Curl,db_2_simultaneous,3,15.0,15.0,225.0,13000.0,,
20003660,2026-03-25 06:01:00,,Dumbbell Biceps Curl,db_2_simultaneous,4,15.0,15.0,225.0,13000.0,,
20003660,2026-03-25 06:01:00,,Dumbbell Standing Calf Raise,db_2_simultaneous,1,15.0,30.0,450.0,13000.0,,
20003660,2026-03-25 06:01:00,,Dumbbell Standing Calf Raise,db_2_simultaneous,2,15.0,30.0,450.0,13000.0,,
20003660,2026-03-25 06:01:00,,Dumbbell Standing Calf Raise,db_2_simultaneous,3,15.0,30.0,450.0,13000.0,,
20003660,2026-03-25 06:01:00,,Dumbbell Standing Calf Raise,db_2_simultaneous,4,15.0,30.0,450.0,13000.0,,
20003660,2026-03-25 06:01:00,,Seated Cable Row - V Grip (Cable),,1,80.0,15.0,1200.0,13000.0,,
20003660,2026-03-25 06:01:00,,Seated Cable Row - V Grip (Cable),,2,80.0,15.0,1200.0,13000.0,,
20003660,2026-03-25 06:01:00,,Seated Cable Row - V Grip (Cable),,3,80.0,15.0,1200.0,13000.0,,
20003660,2026-03-25 06:01:00,,Seated Cable Row - V Grip (Cable),,4,80.0,15.0,1200.0,13000.0,,
20003660,2026-03-25 06:01:00,,Lever Leg Extension,weight_reps,1,70.0,10.0,700.0,13000.0,,
20003660,2026-03-25 06:01:00,,Lever Leg Extension,weight_reps,2,50.0,12.0,600.0,13000.0,,
20003660,2026-03-25 06:01:00,,Lever Leg Extension,weight_reps,3,50.0,15.0,750.0,13000.0,,
20003660,2026-03-25 06:01:00,,Lever Leg Extension,weight_reps,4,50.0,15.0,750.0,13000.0,,
20003658,2026-03-23 05:33:00,,Run on Treadmill ,distance_duration,1,,,,13560.0,11:00,1.11
20003658,2026-03-23 05:33:00,,Dumbbell Biceps Curl,db_2_simultaneous,1,15.0,15.0,225.0,13560.0,,
20003658,2026-03-23 05:33:00,,Dumbbell Biceps Curl,db_2_simultaneous,2,15.0,15.0,225.0,13560.0,,
20003658,2026-03-23 05:33:00,,Dumbbell Biceps Curl,db_2_simultaneous,3,15.0,15.0,225.0,13560.0,,
20003658,2026-03-23 05:33:00,,Dumbbell Biceps Curl,db_2_simultaneous,4,20.0,10.0,200.0,13560.0,,
20003658,2026-03-23 05:33:00,,Dumbbell Standing Calf Raise,db_2_simultaneous,1,15.0,30.0,450.0,13560.0,,
20003658,2026-03-23 05:33:00,,Dumbbell Standing Calf Raise,db_2_simultaneous,2,15.0,30.0,450.0,13560.0,,
20003658,2026-03-23 05:33:00,,Dumbbell Standing Calf Raise,db_2_simultaneous,3,15.0,30.0,450.0,13560.0,,
20003658,2026-03-23 05:33:00,,Single Arm Tricep Extension (Dumbbell),,1,15.0,10.0,150.0,13560.0,,
20003658,2026-03-23 05:33:00,,Single Arm Tricep Extension (Dumbbell),,2,15.0,10.0,150.0,13560.0,,
20003658,2026-03-23 05:33:00,,Romanian Deadlift,db_2_simultaneous,1,15.0,15.0,225.0,13560.0,,
20003658,2026-03-23 05:33:00,,Romanian Deadlift,db_2_simultaneous,2,15.0,15.0,225.0,13560.0,,
20003658,2026-03-23 05:33:00,,Romanian Deadlift,db_2_simultaneous,3,15.0,15.0,225.0,13560.0,,
20003658,2026-03-23 05:33:00,,Lunge,db_2_alt_legs,1,15.0,16.0,240.0,13560.0,,
20003658,2026-03-23 05:33:00,,Lunge,db_2_alt_legs,2,15.0,12.0,180.0,13560.0,,
20003658,2026-03-23 05:33:00,,Seated Cable Row - V Grip (Cable),,1,80.0,15.0,1200.0,13560.0,,
20003658,2026-03-23 05:33:00,,Seated Cable Row - V Grip (Cable),,2,80.0,15.0,1200.0,13560.0,,
20003658,2026-03-23 05:33:00,,Seated Cable Row - V Grip (Cable),,3,100.0,12.0,1200.0,13560.0,,
20003658,2026-03-23 05:33:00,,Dumbbell Seated Preacher Curl,db_2_simultaneous,1,15.0,10.0,150.0,13560.0,,
20003658,2026-03-23 05:33:00,,Dumbbell Seated Preacher Curl,db_2_simultaneous,2,15.0,10.0,150.0,13560.0,,
20003658,2026-03-23 05:33:00,,Cable Lateral Pulldown with V-bar,weight_reps,1,100.0,5.0,500.0,13560.0,,
20003658,2026-03-23 05:33:00,,Cable Lateral Pulldown with V-bar,weight_reps,2,80.0,12.0,960.0,13560.0,,
20003658,2026-03-23 05:33:00,,Cable Lateral Pulldown with V-bar,weight_reps,3,80.0,12.0,960.0,13560.0,,
20003657,2026-03-15 02:16:00,,Seated Cable Row - V Grip (Cable),,1,80.0,20.0,1600.0,6060.0,,
20003657,2026-03-15 02:16:00,,Seated Cable Row - V Grip (Cable),,2,100.0,10.0,1000.0,6060.0,,
20003657,2026-03-15 02:16:00,,Seated Cable Row - V Grip (Cable),,3,100.0,10.0,1000.0,6060.0,,
20003657,2026-03-15 02:16:00,,Dumbbell Biceps Curl,db_2_simultaneous,1,15.0,10.0,150.0,6060.0,,
20003657,2026-03-15 02:16:00,,Dumbbell Biceps Curl,db_2_simultaneous,2,15.0,10.0,150.0,6060.0,,
20003657,2026-03-15 02:16:00,,Dumbbell Biceps Curl,db_2_simultaneous,3,15.0,12.0,180.0,6060.0,,
20003657,2026-03-15 02:16:00,,Dumbbell Standing Calf Raise,db_2_simultaneous,1,15.0,20.0,300.0,6060.0,,
20003657,2026-03-15 02:16:00,,Dumbbell Standing Calf Raise,db_2_simultaneous,2,15.0,30.0,450.0,6060.0,,
20003664,2026-03-13 20:05:00,,Run on Treadmill ,distance_duration,1,,,,17170.0,5:06,0.56
20003664,2026-03-13 20:05:00,,Seated Cable Row - V Grip (Cable),,1,80.0,15.0,1200.0,17170.0,,
20003664,2026-03-13 20:05:00,,Seated Cable Row - V Grip (Cable),,2,90.0,15.0,1350.0,17170.0,,
20003664,2026-03-13 20:05:00,,Seated Cable Row - V Grip (Cable),,3,100.0,15.0,1500.0,17170.0,,
20003664,2026-03-13 20:05:00,,Cable Pushdown,weight_reps,1,80.0,12.0,960.0,17170.0,,
20003664,2026-03-13 20:05:00,,Cable Bar Lateral Pulldown,weight_reps,1,80.0,10.0,800.0,17170.0,,
20003664,2026-03-13 20:05:00,,Cable Bar Lateral Pulldown,weight_reps,2,80.0,15.0,1200.0,17170.0,,
20003664,2026-03-13 20:05:00,,Cable Bar Lateral Pulldown,weight_reps,3,80.0,12.0,960.0,17170.0,,
20003664,2026-03-13 20:05:00,,Lever Seated Leg Press,weight_reps,1,100.0,15.0,1500.0,17170.0,,
20003664,2026-03-13 20:05:00,,Lever Seated Leg Press,weight_reps,2,110.0,15.0,1650.0,17170.0,,
20003664,2026-03-13 20:05:00,,Lever Seated Leg Press,weight_reps,3,110.0,15.0,1650.0,17170.0,,
20003664,2026-03-13 20:05:00,,Dumbbell Biceps Curl,db_2_simultaneous,1,15.0,15.0,225.0,17170.0,,
20003664,2026-03-13 20:05:00,,Dumbbell Biceps Curl,db_2_simultaneous,2,15.0,15.0,225.0,17170.0,,
20003664,2026-03-13 20:05:00,,Dumbbell Biceps Curl,db_2_simultaneous,3,15.0,10.0,150.0,17170.0,,
20003664,2026-03-13 20:05:00,,Dumbbell Standing Calf Raise,db_2_simultaneous,1,15.0,15.0,225.0,17170.0,,
20003664,2026-03-13 20:05:00,,Dumbbell Standing Calf Raise,db_2_simultaneous,2,25.0,20.0,500.0,17170.0,,
20003664,2026-03-13 20:05:00,,Dumbbell Standing Calf Raise,db_2_simultaneous,3,25.0,25.0,625.0,17170.0,,
20003664,2026-03-13 20:05:00,,Sumo Squat (Kettlebell),,1,25.0,10.0,250.0,17170.0,,
20003664,2026-03-13 20:05:00,,Sumo Squat (Kettlebell),,2,25.0,10.0,250.0,17170.0,,
20003661,2026-03-08 18:52:00,,Run on Treadmill ,distance_duration,1,,,,12620.0,10:13,1
20003661,2026-03-08 18:52:00,,Dumbbell Biceps Curl,db_2_simultaneous,1,15.0,12.0,180.0,12620.0,,
20003661,2026-03-08 18:52:00,,Dumbbell Biceps Curl,db_2_simultaneous,2,15.0,15.0,225.0,12620.0,,
20003661,2026-03-08 18:52:00,,Dumbbell Biceps Curl,db_2_simultaneous,3,15.0,15.0,225.0,12620.0,,
20003661,2026-03-08 18:52:00,,Lunge,db_2_alt_legs,1,15.0,15.0,225.0,12620.0,,
20003661,2026-03-08 18:52:00,,Lunge,db_2_alt_legs,2,15.0,16.0,240.0,12620.0,,
20003661,2026-03-08 18:52:00,,Lunge,db_2_alt_legs,3,15.0,12.0,180.0,12620.0,,
20003661,2026-03-08 18:52:00,,Dumbbell Standing Overhead Press,db_2_simultaneous,1,15.0,10.0,150.0,12620.0,,
20003661,2026-03-08 18:52:00,,Dumbbell Standing Overhead Press,db_2_simultaneous,2,15.0,10.0,150.0,12620.0,,
20003661,2026-03-08 18:52:00,,Dumbbell Standing Calf Raise,db_2_simultaneous,1,20.0,20.0,400.0,12620.0,,
20003661,2026-03-08 18:52:00,,Dumbbell Standing Calf Raise,db_2_simultaneous,2,20.0,20.0,400.0,12620.0,,
20003661,2026-03-08 18:52:00,,Dumbbell Standing Calf Raise,db_2_simultaneous,3,20.0,20.0,400.0,12620.0,,
20003661,2026-03-08 18:52:00,,Romanian Deadlift,db_2_simultaneous,1,15.0,12.0,180.0,12620.0,,
20003661,2026-03-08 18:52:00,,Romanian Deadlift,db_2_simultaneous,2,15.0,15.0,225.0,12620.0,,
20003661,2026-03-08 18:52:00,,Seated Cable Row - V Grip (Cable),,1,90.0,15.0,1350.0,12620.0,,
20003661,2026-03-08 18:52:00,,Seated Cable Row - V Grip (Cable),,2,90.0,15.0,1350.0,12620.0,,
20003661,2026-03-08 18:52:00,,Seated Cable Row - V Grip (Cable),,3,100.0,10.0,1000.0,12620.0,,
20003661,2026-03-08 18:52:00,,Cable Bar Lateral Pulldown,weight_reps,1,80.0,10.0,800.0,12620.0,,
20003661,2026-03-08 18:52:00,,Cable Bar Lateral Pulldown,weight_reps,2,80.0,12.0,960.0,12620.0,,
20003661,2026-03-08 18:52:00,,Cable Bar Lateral Pulldown,weight_reps,3,80.0,10.0,800.0,12620.0,,
20003662,2026-03-01 17:44:00,,Run on Treadmill ,distance_duration,1,,,,10835.0,10:57,0.65
20003662,2026-03-01 17:44:00,,Dumbbell Biceps Curl,db_2_simultaneous,1,15.0,15.0,225.0,10835.0,,
20003662,2026-03-01 17:44:00,,Dumbbell Biceps Curl,db_2_simultaneous,2,15.0,12.0,180.0,10835.0,,
20003662,2026-03-01 17:44:00,,Dumbbell Biceps Curl,db_2_simultaneous,3,15.0,12.0,180.0,10835.0,,
20003662,2026-03-01 17:44:00,,Dumbbell Biceps Curl,db_2_simultaneous,4,15.0,12.0,180.0,10835.0,,
20003662,2026-03-01 17:44:00,,Sumo Squat (Kettlebell),,1,25.0,15.0,375.0,10835.0,,
20003662,2026-03-01 17:44:00,,Sumo Squat (Kettlebell),,2,25.0,15.0,375.0,10835.0,,
20003662,2026-03-01 17:44:00,,Sumo Squat (Kettlebell),,3,25.0,15.0,375.0,10835.0,,
20003662,2026-03-01 17:44:00,,Dumbbell Standing Calf Raise,db_2_simultaneous,1,15.0,20.0,300.0,10835.0,,
20003662,2026-03-01 17:44:00,,Dumbbell Standing Calf Raise,db_2_simultaneous,2,25.0,25.0,625.0,10835.0,,
20003662,2026-03-01 17:44:00,,Dumbbell Standing Calf Raise,db_2_simultaneous,3,35.0,30.0,1050.0,10835.0,,
20003662,2026-03-01 17:44:00,,Dumbbell Stiff Leg Deadlift,db_2_simultaneous,1,15.0,12.0,180.0,10835.0,,
20003662,2026-03-01 17:44:00,,Dumbbell Stiff Leg Deadlift,db_2_simultaneous,2,25.0,12.0,300.0,10835.0,,
20003662,2026-03-01 17:44:00,,Dumbbell Stiff Leg Deadlift,db_2_simultaneous,3,15.0,15.0,225.0,10835.0,,
20003662,2026-03-01 17:44:00,,Dumbbell Hammer Curl ,db_2_simultaneous,1,15.0,12.0,180.0,10835.0,,
20003662,2026-03-01 17:44:00,,Dumbbell Hammer Curl ,db_2_simultaneous,2,15.0,12.0,180.0,10835.0,,
20003662,2026-03-01 17:44:00,,Dumbbell Hammer Curl ,db_2_simultaneous,3,15.0,10.0,150.0,10835.0,,
20003662,2026-03-01 17:44:00,,Dumbbell Lateral Raise,db_2_simultaneous,1,15.0,10.0,150.0,10835.0,,
20003662,2026-03-01 17:44:00,,Dumbbell Lateral Raise,db_2_simultaneous,2,15.0,10.0,150.0,10835.0,,
20003662,2026-03-01 17:44:00,,Dumbbell Lateral Raise,db_2_simultaneous,3,15.0,10.0,150.0,10835.0,,
20003662,2026-03-01 17:44:00,,Dumbbell Rear Lunge,db_2_alt_legs,1,15.0,10.0,150.0,10835.0,,
20003662,2026-03-01 17:44:00,,Dumbbell Rear Lunge,db_2_alt_legs,2,15.0,10.0,150.0,10835.0,,
20003662,2026-03-01 17:44:00,,Dumbbell Rear Lunge,db_2_alt_legs,3,15.0,10.0,150.0,10835.0,,
20003671,2026-02-17 01:22:00,,Hiking,distance_duration,1,,,,8785.0,10:01,0.89
20003671,2026-02-17 01:22:00,,Dumbbell Biceps Curl,db_2_simultaneous,1,15.0,12.0,180.0,8785.0,,
20003671,2026-02-17 01:22:00,,Dumbbell Biceps Curl,db_2_simultaneous,2,15.0,12.0,180.0,8785.0,,
20003671,2026-02-17 01:22:00,,Dumbbell Biceps Curl,db_2_simultaneous,3,15.0,10.0,150.0,8785.0,,
20003671,2026-02-17 01:22:00,,Dumbbell Hammer Curl ,db_2_simultaneous,1,15.0,12.0,180.0,8785.0,,
20003671,2026-02-17 01:22:00,,Dumbbell Hammer Curl ,db_2_simultaneous,2,15.0,12.0,180.0,8785.0,,
20003671,2026-02-17 01:22:00,,Dumbbell Hammer Curl ,db_2_simultaneous,3,15.0,10.0,150.0,8785.0,,
20003671,2026-02-17 01:22:00,,Dumbbell Standing Calf Raise,db_2_simultaneous,1,30.0,12.0,360.0,8785.0,,
20003671,2026-02-17 01:22:00,,Dumbbell Standing Calf Raise,db_2_simultaneous,2,30.0,20.0,600.0,8785.0,,
20003671,2026-02-17 01:22:00,,Dumbbell Standing Calf Raise,db_2_simultaneous,3,30.0,30.0,900.0,8785.0,,
20003671,2026-02-17 01:22:00,,Sumo Squat (Kettlebell),,1,25.0,12.0,300.0,8785.0,,
20003671,2026-02-17 01:22:00,,Sumo Squat (Kettlebell),,2,25.0,15.0,375.0,8785.0,,
20003671,2026-02-17 01:22:00,,Sumo Squat (Kettlebell),,3,25.0,10.0,250.0,8785.0,,
20003671,2026-02-17 01:22:00,,Dumbbell Stiff Leg Deadlift,db_2_simultaneous,1,25.0,10.0,250.0,8785.0,,
20003671,2026-02-17 01:22:00,,Dumbbell Stiff Leg Deadlift,db_2_simultaneous,2,15.0,15.0,225.0,8785.0,,
20003671,2026-02-17 01:22:00,,Dumbbell Stiff Leg Deadlift,db_2_simultaneous,3,20.0,10.0,200.0,8785.0,,
20003671,2026-02-17 01:22:00,,Single Arm Tricep Extension (Dumbbell),,1,15.0,10.0,150.0,8785.0,,
20003671,2026-02-17 01:22:00,,Single Arm Tricep Extension (Dumbbell),,2,15.0,10.0,150.0,8785.0,,
20003671,2026-02-17 01:22:00,,Single Arm Tricep Extension (Dumbbell),,3,15.0,10.0,150.0,8785.0,,
20003671,2026-02-17 01:22:00,,Single Arm Tricep Extension (Dumbbell),,4,10.0,10.0,100.0,8785.0,,
20003671,2026-02-17 01:22:00,,Single Arm Tricep Extension (Dumbbell),,5,10.0,10.0,100.0,8785.0,,
20003671,2026-02-17 01:22:00,,Single Arm Tricep Extension (Dumbbell),,6,10.0,10.0,100.0,8785.0,,
20003667,2026-02-15 17:33:00,,Walking,distance_duration,1,,,,8580.0,11:00,1
20003667,2026-02-15 17:33:00,,Sumo Squat (Kettlebell),,1,25.0,12.0,300.0,8580.0,,
20003667,2026-02-15 17:33:00,,Sumo Squat (Kettlebell),,2,25.0,12.0,300.0,8580.0,,
20003667,2026-02-15 17:33:00,,Sumo Squat (Kettlebell),,3,25.0,12.0,300.0,8580.0,,
20003667,2026-02-15 17:33:00,,Dumbbell Standing Calf Raise,db_2_simultaneous,1,30.0,12.0,360.0,8580.0,,
20003667,2026-02-15 17:33:00,,Dumbbell Standing Calf Raise,db_2_simultaneous,2,30.0,12.0,360.0,8580.0,,
20003667,2026-02-15 17:33:00,,Dumbbell Standing Calf Raise,db_2_simultaneous,3,30.0,16.0,480.0,8580.0,,
20003667,2026-02-15 17:33:00,,Dumbbell Biceps Curl,db_2_simultaneous,1,20.0,12.0,240.0,8580.0,,
20003667,2026-02-15 17:33:00,,Dumbbell Biceps Curl,db_2_simultaneous,2,15.0,12.0,180.0,8580.0,,
20003667,2026-02-15 17:33:00,,Dumbbell Biceps Curl,db_2_simultaneous,3,15.0,10.0,150.0,8580.0,,
20003667,2026-02-15 17:33:00,,Dumbbell Stiff Leg Deadlift,db_2_simultaneous,1,20.0,12.0,240.0,8580.0,,
20003667,2026-02-15 17:33:00,,Dumbbell Stiff Leg Deadlift,db_2_simultaneous,2,20.0,12.0,240.0,8580.0,,
20003667,2026-02-15 17:33:00,,Dumbbell Stiff Leg Deadlift,db_2_simultaneous,3,20.0,12.0,240.0,8580.0,,
20003667,2026-02-15 17:33:00,,Dumbbell Hammer Curl ,db_2_simultaneous,1,15.0,10.0,150.0,8580.0,,
20003667,2026-02-15 17:33:00,,Dumbbell Hammer Curl ,db_2_simultaneous,2,15.0,12.0,180.0,8580.0,,
20003667,2026-02-15 17:33:00,,Dumbbell Hammer Curl ,db_2_simultaneous,3,15.0,10.0,150.0,8580.0,,
20003667,2026-02-15 17:33:00,,Single Arm Tricep Extension (Dumbbell),,1,15.0,12.0,180.0,8580.0,,
20003667,2026-02-15 17:33:00,,Single Arm Tricep Extension (Dumbbell),,2,15.0,12.0,180.0,8580.0,,
20003667,2026-02-15 17:33:00,,Single Arm Tricep Extension (Dumbbell),,3,15.0,10.0,150.0,8580.0,,
20003667,2026-02-15 17:33:00,,Single Arm Tricep Extension (Dumbbell),,4,15.0,10.0,150.0,8580.0,,
20003667,2026-02-15 17:33:00,,Lunge,db_2_alt_legs,1,15.0,12.0,180.0,8580.0,,
20003667,2026-02-15 17:33:00,,Lunge,db_2_alt_legs,2,15.0,12.0,180.0,8580.0,,
20003667,2026-02-15 17:33:00,,Lunge,db_2_alt_legs,3,15.0,12.0,180.0,8580.0,,
20003666,2026-02-06 22:00:00,,Seated Cable Row - V Grip (Cable),,1,100.0,12.0,1200.0,16620.0,,
20003666,2026-02-06 22:00:00,,Seated Cable Row - V Grip (Cable),,2,100.0,12.0,1200.0,16620.0,,
20003666,2026-02-06 22:00:00,,Seated Cable Row - V Grip (Cable),,3,90.0,12.0,1080.0,16620.0,,
20003666,2026-02-06 22:00:00,,Cable Bar Lateral Pulldown,weight_reps,1,70.0,12.0,840.0,16620.0,,
20003666,2026-02-06 22:00:00,,Cable Bar Lateral Pulldown,weight_reps,2,80.0,12.0,960.0,16620.0,,
20003666,2026-02-06 22:00:00,,Cable Bar Lateral Pulldown,weight_reps,3,80.0,12.0,960.0,16620.0,,
20003666,2026-02-06 22:00:00,,Sumo Squat (Kettlebell),,1,25.0,12.0,300.0,16620.0,,
20003666,2026-02-06 22:00:00,,Sumo Squat (Kettlebell),,2,25.0,12.0,300.0,16620.0,,
20003666,2026-02-06 22:00:00,,Sumo Squat (Kettlebell),,3,25.0,12.0,300.0,16620.0,,
20003666,2026-02-06 22:00:00,,Dumbbell Hammer Curl ,db_2_simultaneous,1,15.0,12.0,180.0,16620.0,,
20003666,2026-02-06 22:00:00,,Dumbbell Hammer Curl ,db_2_simultaneous,2,15.0,10.0,150.0,16620.0,,
20003666,2026-02-06 22:00:00,,Dumbbell Hammer Curl ,db_2_simultaneous,3,15.0,10.0,150.0,16620.0,,
20003666,2026-02-06 22:00:00,,Dumbbell Standing Calf Raise,db_2_simultaneous,1,30.0,12.0,360.0,16620.0,,
20003666,2026-02-06 22:00:00,,Dumbbell Standing Calf Raise,db_2_simultaneous,2,30.0,12.0,360.0,16620.0,,
20003666,2026-02-06 22:00:00,,Dumbbell Standing Calf Raise,db_2_simultaneous,3,30.0,16.0,480.0,16620.0,,
20003666,2026-02-06 22:00:00,,Dumbbell Stiff Leg Deadlift,db_2_simultaneous,1,15.0,12.0,180.0,16620.0,,
20003666,2026-02-06 22:00:00,,Dumbbell Stiff Leg Deadlift,db_2_simultaneous,2,15.0,12.0,180.0,16620.0,,
20003666,2026-02-06 22:00:00,,Dumbbell Stiff Leg Deadlift,db_2_simultaneous,3,20.0,12.0,240.0,16620.0,,
20003666,2026-02-06 22:00:00,,Dumbbell Lateral Raise,db_2_simultaneous,1,20.0,8.0,160.0,16620.0,,
20003666,2026-02-06 22:00:00,,Dumbbell Lateral Raise,db_2_simultaneous,2,15.0,10.0,150.0,16620.0,,
20003666,2026-02-06 22:00:00,,Dumbbell Lateral Raise,db_2_simultaneous,3,15.0,10.0,150.0,16620.0,,
20003666,2026-02-06 22:00:00,,Lunge,db_2_alt_legs,1,15.0,20.0,300.0,16620.0,,
20003666,2026-02-06 22:00:00,,Lunge,db_2_alt_legs,2,15.0,10.0,150.0,16620.0,,
20003666,2026-02-06 22:00:00,,Lever Seated Leg Press,weight_reps,1,70.0,10.0,700.0,16620.0,,
20003666,2026-02-06 22:00:00,,Lever Seated Leg Press,weight_reps,2,100.0,12.0,1200.0,16620.0,,
20003666,2026-02-06 22:00:00,,Lever Seated Leg Press,weight_reps,3,100.0,12.0,1200.0,16620.0,,
20003673,2026-02-02 01:45:00,,Sumo Squat (Kettlebell),,1,20.0,10.0,200.0,12300.0,,
20003673,2026-02-02 01:45:00,,Sumo Squat (Kettlebell),,2,20.0,10.0,200.0,12300.0,,
20003673,2026-02-02 01:45:00,,Sumo Squat (Kettlebell),,3,20.0,10.0,200.0,12300.0,,
20003673,2026-02-02 01:45:00,,Dumbbell Standing Calf Raise,db_2_simultaneous,1,15.0,10.0,150.0,12300.0,,
20003673,2026-02-02 01:45:00,,Dumbbell Standing Calf Raise,db_2_simultaneous,2,15.0,10.0,150.0,12300.0,,
20003673,2026-02-02 01:45:00,,Dumbbell Standing Calf Raise,db_2_simultaneous,3,30.0,10.0,300.0,12300.0,,
20003673,2026-02-02 01:45:00,,Dumbbell Standing Calf Raise,db_2_simultaneous,4,30.0,10.0,300.0,12300.0,,
20003673,2026-02-02 01:45:00,,Dumbbell Rear Lunge,db_2_alt_legs,1,15.0,10.0,150.0,12300.0,,
20003673,2026-02-02 01:45:00,,Dumbbell Rear Lunge,db_2_alt_legs,2,15.0,10.0,150.0,12300.0,,
20003673,2026-02-02 01:45:00,,Dumbbell Rear Lunge,db_2_alt_legs,3,15.0,10.0,150.0,12300.0,,
20003673,2026-02-02 01:45:00,,Lunge,db_2_alt_legs,1,15.0,10.0,150.0,12300.0,,
20003673,2026-02-02 01:45:00,,Lunge,db_2_alt_legs,2,15.0,10.0,150.0,12300.0,,
20003673,2026-02-02 01:45:00,,Lunge,db_2_alt_legs,3,15.0,10.0,150.0,12300.0,,
20003673,2026-02-02 01:45:00,,Dumbbell Stiff Leg Deadlift,db_2_simultaneous,1,15.0,10.0,150.0,12300.0,,
20003673,2026-02-02 01:45:00,,Dumbbell Stiff Leg Deadlift,db_2_simultaneous,2,15.0,10.0,150.0,12300.0,,
20003673,2026-02-02 01:45:00,,Dumbbell Stiff Leg Deadlift,db_2_simultaneous,3,15.0,10.0,150.0,12300.0,,
20003673,2026-02-02 01:45:00,,Dumbbell Biceps Curl,db_2_simultaneous,1,15.0,10.0,150.0,12300.0,,
20003673,2026-02-02 01:45:00,,Dumbbell Biceps Curl,db_2_simultaneous,2,15.0,10.0,150.0,12300.0,,
20003673,2026-02-02 01:45:00,,Dumbbell Biceps Curl,db_2_simultaneous,3,15.0,10.0,150.0,12300.0,,
20003673,2026-02-02 01:45:00,,Seated Cable Row - V Grip (Cable),,1,70.0,10.0,700.0,12300.0,,
20003673,2026-02-02 01:45:00,,Seated Cable Row - V Grip (Cable),,2,100.0,10.0,1000.0,12300.0,,
20003673,2026-02-02 01:45:00,,Seated Cable Row - V Grip (Cable),,3,100.0,10.0,1000.0,12300.0,,
20003673,2026-02-02 01:45:00,,Cable Lateral Pulldown with V-bar,weight_reps,1,100.0,10.0,1000.0,12300.0,,
20003673,2026-02-02 01:45:00,,Cable Bar Lateral Pulldown,weight_reps,1,70.0,10.0,700.0,12300.0,,
20003673,2026-02-02 01:45:00,,Cable Bar Lateral Pulldown,weight_reps,2,100.0,10.0,1000.0,12300.0,,
20003673,2026-02-02 01:45:00,,Cable Bar Lateral Pulldown,weight_reps,3,90.0,10.0,900.0,12300.0,,
20003672,2026-01-19 18:21:00,,Cable Bar Lateral Pulldown,weight_reps,1,79.37,10.0,793.7,12699.7,,
20003672,2026-01-19 18:21:00,,Cable Bar Lateral Pulldown,weight_reps,2,79.37,10.0,793.7,12699.7,,
20003672,2026-01-19 18:21:00,,Cable Bar Lateral Pulldown,weight_reps,3,79.37,10.0,793.7,12699.7,,
20003672,2026-01-19 18:21:00,,Seated Cable Row - V Grip (Cable),,1,79.37,10.0,793.7,12699.7,,
20003672,2026-01-19 18:21:00,,Seated Cable Row - V Grip (Cable),,2,79.37,10.0,793.7,12699.7,,
20003672,2026-01-19 18:21:00,,Seated Cable Row - V Grip (Cable),,3,79.37,10.0,793.7,12699.7,,
20003672,2026-01-19 18:21:00,,Dumbbell Incline Biceps Curl,db_2_simultaneous,1,22.05,10.0,220.5,12699.7,,
20003672,2026-01-19 18:21:00,,Dumbbell Incline Biceps Curl,db_2_simultaneous,2,22.05,10.0,220.5,12699.7,,
20003672,2026-01-19 18:21:00,,Dumbbell Incline Biceps Curl,db_2_simultaneous,3,33.07,10.0,330.7,12699.7,,
20003672,2026-01-19 18:21:00,,Barbell Upright Row ,weight_reps,1,22.05,10.0,220.5,12699.7,,
20003672,2026-01-19 18:21:00,,Barbell Upright Row ,weight_reps,2,22.05,10.0,220.5,12699.7,,
20003672,2026-01-19 18:21:00,,Barbell Upright Row ,weight_reps,3,22.05,10.0,220.5,12699.7,,
20003672,2026-01-19 18:21:00,,Dumbbell Standing Calf Raise,db_2_simultaneous,1,55.12,10.0,551.1999999999999,12699.7,,
20003672,2026-01-19 18:21:00,,Dumbbell Standing Calf Raise,db_2_simultaneous,2,55.12,10.0,551.1999999999999,12699.7,,
20003672,2026-01-19 18:21:00,,Dumbbell Standing Calf Raise,db_2_simultaneous,3,55.12,10.0,551.1999999999999,12699.7,,
20003672,2026-01-19 18:21:00,,Dumbbell Standing Calf Raise,db_2_simultaneous,4,55.12,10.0,551.1999999999999,12699.7,,
20003672,2026-01-19 18:21:00,,Triceps Kickback (Cable),,1,22.05,10.0,220.5,12699.7,,
20003672,2026-01-19 18:21:00,,Triceps Kickback (Cable),,2,22.05,10.0,220.5,12699.7,,
20003672,2026-01-19 18:21:00,,Triceps Kickback (Cable),,3,22.05,10.0,220.5,12699.7,,
20003672,2026-01-19 18:21:00,,Rear Delt Reverse Fly (Cable),,1,22.05,10.0,220.5,12699.7,,
20003672,2026-01-19 18:21:00,,Rear Delt Reverse Fly (Cable),,2,22.05,10.0,220.5,12699.7,,
20003672,2026-01-19 18:21:00,,Rear Delt Reverse Fly (Cable),,3,22.05,10.0,220.5,12699.7,,
